<?xml version="1.0" encoding="UTF-8"?>
<LightningComponentBundle xmlns="http://soap.sforce.com/2006/04/metadata" fqn="lwcFormGenerator">
    <apiVersion>47.0</apiVersion>
    <isExposed>true</isExposed>
    <masterLabel>Form Generator</masterLabel>
    <description>
        This Lightning Web Component is used to generate the Form.
    </description>
    <targets>
        <target>lightning__AppPage</target>
        <target>lightning__HomePage</target>
        <target>lightning__RecordPage</target>
        <target>lightning__Tab</target>
    </targets>
</LightningComponentBundle>