{
  "orgName": "SFDCPanther-Udemy",
  "edition": "Enterprise",
  "features": [
        "Communities",
        "MultiCurrency" , 
        "ContactsToMultipleAccounts",
        "CascadeDelete",
        "Communities",
        "PersonAccounts",
        "StateAndCountryPicklist",
        "Entitlements",
        "LiveAgent"
    ],
  "settings": {
      "orgPreferenceSettings": {
          "networksEnabled": true,
          "s1DesktopEnabled": true,
          "s1EncryptedStoragePref2": false
      },
      "omniChannelSettings": {
          "enableOmniChannel": true
      },

      "caseSettings": {
          "systemUserEmail": "sfdcpanther@outlook.com"
      }
  }
}