<?xml version="1.0" encoding="UTF-8"?>
<LightningComponentBundle xmlns="http://soap.sforce.com/2006/04/metadata" fqn="metaExaples">
    <apiVersion>46.0</apiVersion>
    <isExposed>true</isExposed>
    <masterLabel>Metadata File Configuraton</masterLabel>
    <targets>
        <target>lightning__AppPage</target>
        <target>lightning__RecordPage</target>
        <target>lightning__HomePage</target>
        <target>lightningCommunity__Default</target>
        <target>lightningCommunity__Page</target>
        <!-- <target>lightning__Tab</target> Winter 20 -->
        <target>lightning__Inbox</target>
    </targets>
    <targetConfigs>
        <targetConfig targets="lightning__RecordPage" >
            <property name="message" type="String" label="Welcome Message"/>
            <property name="pageno" type="Integer" label="Page No" />
            <objects>
                <object>Account</object>
                <object>Case</object>
            </objects>
        </targetConfig>
    </targetConfigs>
</LightningComponentBundle>