<?xml version="1.0" encoding="UTF-8"?>
<FlexiPage xmlns="http://soap.sforce.com/2006/04/metadata">
    <flexiPageRegions>
        <componentInstances>
            <componentName>boatsearchlwc</componentName>
        </componentInstances>
        <name>column1</name>
        <type>Region</type>
    </flexiPageRegions>
    <flexiPageRegions>
        <componentInstances>
            <componentName>boatdetailslwc</componentName>
        </componentInstances>
        <name>column2</name>
        <type>Region</type>
    </flexiPageRegions>
    <masterLabel>Friends with Boats</masterLabel>
    <template>
        <name>flexipage:appHomeTemplateTwoColumns</name>
    </template>
    <type>AppPage</type>
</FlexiPage>
