<?xml version="1.0" encoding="UTF-8"?>
<CustomField xmlns="http://soap.sforce.com/2006/04/metadata">
    <fullName>Status__c</fullName>
    <externalId>false</externalId>
    <label>Status</label>
    <required>false</required>
    <trackTrending>false</trackTrending>
    <type>Picklist</type>
    <valueSet>
        <restricted>true</restricted>
        <valueSetDefinition>
            <sorted>false</sorted>
            <value>
                <fullName>New</fullName>
                <default>true</default>
                <label>New</label>
            </value>
            <value>
                <fullName>Submitted</fullName>
                <default>false</default>
                <label>Submitted</label>
            </value>
            <value>
                <fullName>In Process</fullName>
                <default>false</default>
                <label>In Process</label>
            </value>
            <value>
                <fullName>Delivered</fullName>
                <default>false</default>
                <label>Delivered</label>
            </value>
        </valueSetDefinition>
    </valueSet>
</CustomField>
