<?xml version="1.0" encoding="UTF-8"?>
<CustomField xmlns="http://soap.sforce.com/2006/04/metadata">
    <fullName>No_Of_Records__c</fullName>
    <externalId>false</externalId>
    <fieldManageability>SubscriberControlled</fieldManageability>
    <inlineHelpText>Provide how many records need to be displayed in case if the Type is Tale</inlineHelpText>
    <label>No Of Records</label>
    <precision>2</precision>
    <required>false</required>
    <scale>0</scale>
    <type>Number</type>
    <unique>false</unique>
</CustomField>
