<?xml version="1.0" encoding="UTF-8"?>
<CustomField xmlns="http://soap.sforce.com/2006/04/metadata">
    <fullName>Type__c</fullName>
    <externalId>false</externalId>
    <fieldManageability>SubscriberControlled</fieldManageability>
    <inlineHelpText>Provide the type of Metadata either you wanted to generate a Form or a Table to show the Existing Records</inlineHelpText>
    <label>Type</label>
    <required>false</required>
    <type>Picklist</type>
    <valueSet>
        <restricted>true</restricted>
        <valueSetDefinition>
            <sorted>false</sorted>
            <value>
                <fullName>Form</fullName>
                <default>true</default>
                <label>Form</label>
            </value>
            <value>
                <fullName>Table</fullName>
                <default>false</default>
                <label>Table</label>
            </value>
        </valueSetDefinition>
    </valueSet>
</CustomField>
