<?xml version="1.0" encoding="UTF-8"?>
<LightningComponentBundle xmlns="http://soap.sforce.com/2006/04/metadata" fqn="designAttribute">
    <apiVersion>46.0</apiVersion>
    <isExposed>true</isExposed>
    <masterLabel>DesignAttribute</masterLabel>
    <targets>
        <target>lightning__RecordPage</target>
        <target>lightning__HomePage</target>
        <target>lightning__AppPage</target>
        <target>lightningCommunity__Default</target>
    </targets>
    <targetConfigs>
        <targetConfig targets="lightning__HomePage">
            <property name="message" type="String" label="WelCome message"/>
        </targetConfig>
        <targetConfig targets="lightning__RecordPage, lightning__AppPage, lightningCommunity__Default"> 
            <property name="height" type="Integer" label="Map height" />
            <property name="width" type="Integer" label="Map Widht" />
        </targetConfig>
    </targetConfigs>
</LightningComponentBundle>