<?xml version="1.0" encoding="UTF-8"?>
<CustomField xmlns="http://soap.sforce.com/2006/04/metadata">
    <fullName>Final_Amount__c</fullName>
    <externalId>false</externalId>
    <formula>( Item_Amount__c *  Item_Quantity__c ) +  Tax_Amount__c</formula>
    <formulaTreatBlanksAs>BlankAsZero</formulaTreatBlanksAs>
    <label>Final Amount</label>
    <precision>18</precision>
    <required>false</required>
    <scale>2</scale>
    <trackTrending>false</trackTrending>
    <type>Currency</type>
</CustomField>
