<?xml version="1.0" encoding="UTF-8"?>
<CustomField xmlns="http://soap.sforce.com/2006/04/metadata">
    <fullName>Invoice__c</fullName>
    <externalId>false</externalId>
    <label>Shipping Invoice</label>
    <referenceTo>Shipping_Invoice__c</referenceTo>
    <relationshipLabel>Items</relationshipLabel>
    <relationshipName>Items</relationshipName>
    <relationshipOrder>0</relationshipOrder>
    <reparentableMasterDetail>false</reparentableMasterDetail>
    <trackTrending>false</trackTrending>
    <type>MasterDetail</type>
    <writeRequiresMasterRead>false</writeRequiresMasterRead>
</CustomField>
