<?xml version="1.0" encoding="UTF-8"?>
<CustomField xmlns="http://soap.sforce.com/2006/04/metadata">
    <fullName>Cart_Status__c</fullName>
    <externalId>false</externalId>
    <label>Cart Status</label>
    <required>false</required>
    <trackHistory>false</trackHistory>
    <trackTrending>false</trackTrending>
    <type>Picklist</type>
    <valueSet>
        <restricted>true</restricted>
        <valueSetDefinition>
            <sorted>false</sorted>
            <value>
                <fullName>Open</fullName>
                <default>false</default>
                <label>Open</label>
            </value>
            <value>
                <fullName>Closed</fullName>
                <default>false</default>
                <label>Closed</label>
            </value>
            <value>
                <fullName>InActive</fullName>
                <default>false</default>
                <label>InActive</label>
            </value>
        </valueSetDefinition>
    </valueSet>
</CustomField>
