<?xml version="1.0" encoding="UTF-8"?>
<CustomField xmlns="http://soap.sforce.com/2006/04/metadata">
    <fullName>Customer__c</fullName>
    <deleteConstraint>SetNull</deleteConstraint>
    <description>This Lookup fields will be used to track the Customers for which the Invoice is being Created</description>
    <externalId>false</externalId>
    <label>Customer</label>
    <referenceTo>User</referenceTo>
    <relationshipName>Shipping_Invoices</relationshipName>
    <required>false</required>
    <trackTrending>false</trackTrending>
    <type>Lookup</type>
</CustomField>
