<?xml version="1.0" encoding="UTF-8"?>
<CustomField xmlns="http://soap.sforce.com/2006/04/metadata">
    <fullName>Discounted_Amount__c</fullName>
    <externalId>false</externalId>
    <inlineHelpText>This field will be auto populated once any items will be added to this Invoice. Please do not fill any value for this field.</inlineHelpText>
    <label>Discounted Amount</label>
    <precision>18</precision>
    <required>false</required>
    <scale>2</scale>
    <trackTrending>false</trackTrending>
    <type>Currency</type>
</CustomField>
