[{"_allAttributes":null,"_properties":null,"_methods":null,"file":"c:/Users/kiranka/Pictures/lwc UseCases/super badge/Lwc SuperBadge/force-app/main/default/lwc/boatAddReviewForm/boatAddReviewForm.js","metadata":{"decorators":[{"type":"api","targets":[{"type":"property","name":"recordId"}]}],"declarationLoc":{"start":{"line":12,"column":0},"end":{"line":72,"column":1}},"classMembers":[{"type":"property","name":"boatId","loc":{"start":{"line":14,"column":4},"end":{"line":14,"column":11}}},{"type":"property","name":"rating","loc":{"start":{"line":15,"column":4},"end":{"line":15,"column":11}}},{"type":"property","name":"boatReviewObject","loc":{"start":{"line":16,"column":4},"end":{"line":16,"column":42}}},{"type":"property","name":"nameField","loc":{"start":{"line":17,"column":4},"end":{"line":17,"column":34}}},{"type":"property","name":"commentField","loc":{"start":{"line":18,"column":4},"end":{"line":18,"column":37}}},{"type":"property","name":"labelSubject","loc":{"start":{"line":19,"column":4},"end":{"line":19,"column":36}}},{"type":"property","name":"labelRating","loc":{"start":{"line":20,"column":4},"end":{"line":20,"column":28}}},{"type":"property","name":"recordId","loc":{"start":{"line":23,"column":4},"end":{"line":26,"column":5}},"decorator":"api"},{"type":"method","name":"handleRatingChanged","loc":{"start":{"line":35,"column":4},"end":{"line":37,"column":5}}},{"type":"method","name":"handleSubmit","loc":{"start":{"line":42,"column":4},"end":{"line":48,"column":5}}},{"type":"method","name":"handleSuccess","loc":{"start":{"line":52,"column":4},"end":{"line":62,"column":5}}},{"type":"method","name":"handleReset","loc":{"start":{"line":66,"column":4},"end":{"line":71,"column":5}}}],"exports":[{"type":"ExportDefaultDeclaration"}]},"updatedAt":"2021-02-19T17:45:24.000Z"},{"_allAttributes":null,"_properties":null,"_methods":null,"file":"c:/Users/kiranka/Pictures/lwc UseCases/super badge/Lwc SuperBadge/force-app/main/default/lwc/boatDetailTabs/boatDetailTabs.js","metadata":{"decorators":[{"type":"wire","targets":[{"name":"messageContext","adapter":{"name":"MessageContext","reference":"lightning/messageService"},"type":"property"},{"name":"wiredRecord","adapter":{"name":"getRecord","reference":"lightning/uiRecordApi"},"type":"property","static":{"fields":{"type":"unresolved","value":"identifier"}},"params":{"recordId":"boatId"}}]}],"exports":[{"type":"ExportDefaultDeclaration"}]},"updatedAt":"2021-02-19T17:45:24.000Z"},{"_allAttributes":null,"_properties":null,"_methods":null,"file":"c:/Users/kiranka/Pictures/lwc UseCases/super badge/Lwc SuperBadge/force-app/main/default/lwc/boatMap/boatMap.js","metadata":{"decorators":[{"type":"api","targets":[{"type":"property","name":"boatId","value":{"type":"unresolved"}},{"type":"property","name":"recordId"},{"type":"property","name":"error","value":{"type":"unresolved"}},{"type":"property","name":"mapMarkers","value":{"type":"array","value":[]}}]},{"type":"wire","targets":[{"name":"messageContext","adapter":{"name":"MessageContext","reference":"lightning/messageService"},"type":"property"},{"name":"wiredRecord","adapter":{"name":"getRecord","reference":"lightning/uiRecordApi"},"type":"method","static":{"fields":{"type":"unresolved","value":"identifier"}},"params":{"recordId":"boatId"}}]}],"declarationLoc":{"start":{"line":8,"column":0},"end":{"line":100,"column":1}},"classMembers":[{"type":"property","name":"subscription","loc":{"start":{"line":10,"column":2},"end":{"line":10,"column":22}}},{"type":"property","name":"boatId","loc":{"start":{"line":11,"column":3},"end":{"line":11,"column":15}},"decorator":"api","value":{"type":"unresolved"}},{"type":"property","name":"recordId","loc":{"start":{"line":15,"column":2},"end":{"line":18,"column":3}},"decorator":"api"},{"type":"property","name":"error","loc":{"start":{"line":25,"column":2},"end":{"line":25,"column":25}},"decorator":"api","value":{"type":"unresolved"}},{"type":"property","name":"mapMarkers","loc":{"start":{"line":26,"column":2},"end":{"line":26,"column":23}},"decorator":"api","value":{"type":"array","value":[]}},{"type":"property","name":"messageContext","loc":{"start":{"line":29,"column":2},"end":{"line":30,"column":17}},"decorator":"wire"},{"type":"method","name":"subscribeToMessageChannel","loc":{"start":{"line":32,"column":2},"end":{"line":41,"column":3}}},{"type":"method","name":"unsubscribeToMessageChannel","loc":{"start":{"line":43,"column":2},"end":{"line":46,"column":3}}},{"type":"method","name":"handleMessage","loc":{"start":{"line":48,"column":2},"end":{"line":50,"column":3}}},{"type":"method","name":"wiredRecord","loc":{"start":{"line":54,"column":2},"end":{"line":67,"column":3}},"decorator":"wire"},{"type":"method","name":"connectedCallback","loc":{"start":{"line":70,"column":2},"end":{"line":78,"column":3}}},{"type":"method","name":"disconnectedCallback","loc":{"start":{"line":80,"column":2},"end":{"line":82,"column":3}}},{"type":"method","name":"updateMap","loc":{"start":{"line":85,"column":2},"end":{"line":94,"column":3}}},{"type":"property","name":"showMap","loc":{"start":{"line":97,"column":2},"end":{"line":99,"column":3}}}],"exports":[{"type":"ExportDefaultDeclaration"}]},"updatedAt":"2021-11-19T18:30:05.451Z"},{"_allAttributes":null,"_properties":null,"_methods":null,"file":"c:/Users/kiranka/Pictures/lwc UseCases/super badge/Lwc SuperBadge/force-app/main/default/lwc/boatReviews/boatReviews.js","metadata":{"decorators":[{"type":"api","targets":[{"type":"property","name":"recordId"},{"type":"method","name":"refresh"}]}],"exports":[{"type":"ExportDefaultDeclaration"}]},"updatedAt":"2021-02-19T17:45:24.000Z"},{"_allAttributes":null,"_properties":null,"_methods":null,"file":"c:/Users/kiranka/Pictures/lwc UseCases/super badge/Lwc SuperBadge/force-app/main/default/lwc/boatSearch/boatSearch.js","metadata":{"decorators":[],"exports":[{"type":"ExportDefaultDeclaration"}]},"updatedAt":"2021-02-19T17:45:24.000Z"},{"_allAttributes":null,"_properties":null,"_methods":null,"file":"c:/Users/kiranka/Pictures/lwc UseCases/super badge/Lwc SuperBadge/force-app/main/default/lwc/boatSearchForm/boatSearchForm.js","metadata":{"decorators":[{"type":"wire","targets":[{"name":"boatTypes","adapter":{"name":"getBoatTypes","reference":"@salesforce/apex/BoatDataService.getBoatTypes"},"type":"method"}]},{"type":"track","targets":[{"name":"searchOptions","type":"property"}]}],"declarationLoc":{"start":{"line":4,"column":0},"end":{"line":41,"column":1}},"classMembers":[{"type":"property","name":"selectedBoatTypeId","loc":{"start":{"line":6,"column":4},"end":{"line":6,"column":28}}},{"type":"property","name":"error","loc":{"start":{"line":9,"column":4},"end":{"line":9,"column":22}}},{"type":"property","name":"searchOptions","loc":{"start":{"line":12,"column":4},"end":{"line":13,"column":18}},"decorator":"track"},{"type":"method","name":"boatTypes","loc":{"start":{"line":16,"column":4},"end":{"line":27,"column":5}},"decorator":"wire"},{"type":"method","name":"handleSearchOptionChange","loc":{"start":{"line":31,"column":4},"end":{"line":40,"column":5}}}],"exports":[{"type":"ExportDefaultDeclaration"}]},"updatedAt":"2021-02-19T17:45:24.000Z"},{"_allAttributes":null,"_properties":null,"_methods":null,"file":"c:/Users/kiranka/Pictures/lwc UseCases/super badge/Lwc SuperBadge/force-app/main/default/lwc/boatSearchResults/boatSearchResults.js","metadata":{"decorators":[{"type":"api","targets":[{"type":"property","name":"selectedBoatId","value":{"type":"unresolved"}},{"type":"method","name":"searchBoats"},{"type":"method","name":"refresh"}]},{"type":"wire","targets":[{"name":"messageContext","adapter":{"name":"MessageContext","reference":"lightning/messageService"},"type":"property"},{"name":"wiredBoats","adapter":{"name":"getBoats","reference":"@salesforce/apex/BoatDataService.getBoats"},"type":"method","static":{},"params":{"boatTypeId":"boatTypeId"}}]},{"type":"track","targets":[{"name":"boats","type":"property"},{"name":"draftValues","type":"property"}]}],"declarationLoc":{"start":{"line":16,"column":0},"end":{"line":119,"column":1}},"classMembers":[{"type":"property","name":"selectedBoatId","loc":{"start":{"line":17,"column":4},"end":{"line":18,"column":19}},"decorator":"api","value":{"type":"unresolved"}},{"type":"property","name":"columns","loc":{"start":{"line":19,"column":4},"end":{"line":24,"column":6}}},{"type":"property","name":"boatTypeId","loc":{"start":{"line":25,"column":4},"end":{"line":25,"column":20}}},{"type":"property","name":"boats","loc":{"start":{"line":26,"column":4},"end":{"line":27,"column":10}},"decorator":"track"},{"type":"property","name":"isLoading","loc":{"start":{"line":28,"column":4},"end":{"line":28,"column":22}}},{"type":"property","name":"draftValues","loc":{"start":{"line":29,"column":4},"end":{"line":30,"column":21}},"decorator":"track"},{"type":"property","name":"messageContext","loc":{"start":{"line":33,"column":4},"end":{"line":34,"column":19}},"decorator":"wire"},{"type":"method","name":"wiredBoats","loc":{"start":{"line":37,"column":4},"end":{"line":45,"column":5}},"decorator":"wire"},{"type":"method","name":"searchBoats","loc":{"start":{"line":49,"column":4},"end":{"line":54,"column":5}},"decorator":"api"},{"type":"method","name":"refresh","loc":{"start":{"line":58,"column":4},"end":{"line":65,"column":5}},"decorator":"api"},{"type":"method","name":"updateSelectedTile","loc":{"start":{"line":68,"column":4},"end":{"line":71,"column":5}}},{"type":"method","name":"sendMessageService","loc":{"start":{"line":74,"column":4},"end":{"line":77,"column":5}}},{"type":"method","name":"handleSave","loc":{"start":{"line":84,"column":4},"end":{"line":110,"column":5}}},{"type":"method","name":"notifyLoading","loc":{"start":{"line":112,"column":4},"end":{"line":118,"column":5}}}],"exports":[{"type":"ExportDefaultDeclaration"}]},"updatedAt":"2021-02-19T17:45:24.000Z"},{"_allAttributes":null,"_properties":null,"_methods":null,"file":"c:/Users/kiranka/Pictures/lwc UseCases/super badge/Lwc SuperBadge/force-app/main/default/lwc/boatsNearMe/boatsNearMe.js","metadata":{"decorators":[{"type":"api","targets":[{"type":"property","name":"boatTypeId","value":{"type":"unresolved"}}]},{"type":"wire","targets":[{"name":"wiredBoatsJSON","adapter":{"name":"getBoatsByLocation","reference":"@salesforce/apex/BoatDataService.getBoatsByLocation"},"type":"method","static":{},"params":{"latitude":"latitude","longitude":"longitude","boatTypeId":"boatTypeId"}}]}],"declarationLoc":{"start":{"line":10,"column":0},"end":{"line":79,"column":1}},"classMembers":[{"type":"property","name":"boatTypeId","loc":{"start":{"line":12,"column":4},"end":{"line":13,"column":15}},"decorator":"api","value":{"type":"unresolved"}},{"type":"property","name":"mapMarkers","loc":{"start":{"line":14,"column":4},"end":{"line":14,"column":20}}},{"type":"property","name":"isLoading","loc":{"start":{"line":15,"column":4},"end":{"line":15,"column":21}}},{"type":"property","name":"isRendered","loc":{"start":{"line":16,"column":4},"end":{"line":16,"column":15}}},{"type":"property","name":"latitude","loc":{"start":{"line":17,"column":4},"end":{"line":17,"column":13}}},{"type":"property","name":"longitude","loc":{"start":{"line":18,"column":4},"end":{"line":18,"column":14}}},{"type":"method","name":"wiredBoatsJSON","loc":{"start":{"line":23,"column":4},"end":{"line":36,"column":5}},"decorator":"wire"},{"type":"method","name":"renderedCallback","loc":{"start":{"line":40,"column":4},"end":{"line":45,"column":5}}},{"type":"method","name":"getLocationFromBrowser","loc":{"start":{"line":49,"column":4},"end":{"line":56,"column":5}}},{"type":"method","name":"createMapMarkers","loc":{"start":{"line":59,"column":4},"end":{"line":78,"column":5}}}],"exports":[{"type":"ExportDefaultDeclaration"}]},"updatedAt":"2021-02-19T17:45:24.000Z"},{"_allAttributes":null,"_properties":null,"_methods":null,"file":"c:/Users/kiranka/Pictures/lwc UseCases/super badge/Lwc SuperBadge/force-app/main/default/lwc/boatTile/boatTile.js","metadata":{"decorators":[{"type":"api","targets":[{"type":"property","name":"boat","value":{"type":"unresolved"}},{"type":"property","name":"selectedBoatId","value":{"type":"unresolved"}}]}],"declarationLoc":{"start":{"line":6,"column":0},"end":{"line":37,"column":1}},"classMembers":[{"type":"property","name":"boat","loc":{"start":{"line":8,"column":4},"end":{"line":9,"column":9}},"decorator":"api","value":{"type":"unresolved"}},{"type":"property","name":"selectedBoatId","loc":{"start":{"line":10,"column":4},"end":{"line":11,"column":19}},"decorator":"api","value":{"type":"unresolved"}},{"type":"property","name":"backgroundStyle","loc":{"start":{"line":14,"column":4},"end":{"line":16,"column":5}}},{"type":"property","name":"tileClass","loc":{"start":{"line":20,"column":4},"end":{"line":25,"column":5}}},{"type":"method","name":"selectBoat","loc":{"start":{"line":28,"column":4},"end":{"line":36,"column":5}}}],"exports":[{"type":"ExportDefaultDeclaration"}]},"updatedAt":"2021-02-19T17:45:24.000Z"},{"_allAttributes":null,"_properties":null,"_methods":null,"file":"c:/Users/kiranka/Pictures/lwc UseCases/super badge/Lwc SuperBadge/force-app/main/default/lwc/botTile/botTile.js","metadata":{"decorators":[{"type":"api","targets":[{"type":"property","name":"boat","value":{"type":"unresolved"}},{"type":"property","name":"selectedBoatId","value":{"type":"unresolved"}}]}],"declarationLoc":{"start":{"line":6,"column":0},"end":{"line":29,"column":1}},"classMembers":[{"type":"property","name":"boat","loc":{"start":{"line":8,"column":0},"end":{"line":8,"column":10}},"decorator":"api","value":{"type":"unresolved"}},{"type":"property","name":"selectedBoatId","loc":{"start":{"line":9,"column":0},"end":{"line":9,"column":20}},"decorator":"api","value":{"type":"unresolved"}},{"type":"property","name":"backgroundStyle","loc":{"start":{"line":10,"column":0},"end":{"line":12,"column":1}}},{"type":"property","name":"tileClass","loc":{"start":{"line":14,"column":0},"end":{"line":16,"column":1}}},{"type":"method","name":"selectBoat","loc":{"start":{"line":17,"column":1},"end":{"line":25,"column":5}}}],"exports":[{"type":"ExportDefaultDeclaration"}]},"updatedAt":"2020-08-27T11:52:18.000Z"},{"_allAttributes":null,"_properties":null,"_methods":null,"file":"c:/Users/kiranka/Pictures/lwc UseCases/super badge/Lwc SuperBadge/force-app/main/default/lwc/contactCreator/contactCreator.js","metadata":{"decorators":[],"declarationLoc":{"start":{"line":7,"column":0},"end":{"line":18,"column":1}},"classMembers":[{"type":"property","name":"objectApiName","loc":{"start":{"line":8,"column":4},"end":{"line":8,"column":35}}},{"type":"property","name":"fields","loc":{"start":{"line":9,"column":4},"end":{"line":9,"column":60}}},{"type":"method","name":"handleSuccess","loc":{"start":{"line":10,"column":4},"end":{"line":17,"column":5}}}],"exports":[{"type":"ExportDefaultDeclaration"}]},"updatedAt":"2020-08-27T11:52:18.000Z"},{"_allAttributes":null,"_properties":null,"_methods":null,"file":"c:/Users/kiranka/Pictures/lwc UseCases/super badge/Lwc SuperBadge/force-app/main/default/lwc/contactList/contactList.js","metadata":{"decorators":[{"type":"wire","targets":[{"name":"contacts","adapter":{"name":"getContacts","reference":"@salesforce/apex/ContactController.getContacts"},"type":"property"}]}],"declarationLoc":{"start":{"line":15,"column":0},"end":{"line":26,"column":1}},"classMembers":[{"type":"property","name":"errors","loc":{"start":{"line":16,"column":4},"end":{"line":16,"column":11}}},{"type":"property","name":"columns","loc":{"start":{"line":17,"column":4},"end":{"line":17,"column":22}}},{"type":"property","name":"contacts","loc":{"start":{"line":18,"column":4},"end":{"line":19,"column":13}},"decorator":"wire"}],"exports":[{"type":"ExportDefaultDeclaration"}]},"updatedAt":"2020-08-27T11:52:18.000Z"},{"_allAttributes":null,"_properties":null,"_methods":null,"file":"c:/Users/kiranka/Pictures/lwc UseCases/super badge/Lwc SuperBadge/force-app/main/default/lwc/fiveStarRating/fiveStarRating.js","metadata":{"decorators":[{"type":"api","targets":[{"type":"property","name":"readOnly","value":{"type":"unresolved"}},{"type":"property","name":"value","value":{"type":"unresolved"}}]}],"declarationLoc":{"start":{"line":13,"column":0},"end":{"line":84,"column":1}},"classMembers":[{"type":"property","name":"readOnly","loc":{"start":{"line":15,"column":2},"end":{"line":16,"column":11}},"decorator":"api","value":{"type":"unresolved"}},{"type":"property","name":"value","loc":{"start":{"line":17,"column":2},"end":{"line":18,"column":8}},"decorator":"api","value":{"type":"unresolved"}},{"type":"property","name":"editedValue","loc":{"start":{"line":20,"column":2},"end":{"line":20,"column":14}}},{"type":"property","name":"isRendered","loc":{"start":{"line":21,"column":2},"end":{"line":21,"column":13}}},{"type":"property","name":"starClass","loc":{"start":{"line":24,"column":2},"end":{"line":26,"column":3}}},{"type":"method","name":"renderedCallback","loc":{"start":{"line":29,"column":2},"end":{"line":35,"column":3}}},{"type":"method","name":"loadScript","loc":{"start":{"line":40,"column":2},"end":{"line":55,"column":3}}},{"type":"method","name":"initializeRating","loc":{"start":{"line":57,"column":2},"end":{"line":72,"column":3}}},{"type":"method","name":"ratingChanged","loc":{"start":{"line":76,"column":2},"end":{"line":83,"column":3}}}],"exports":[{"type":"ExportDefaultDeclaration"}]},"updatedAt":"2021-02-19T17:45:24.000Z"},{"_allAttributes":null,"_properties":null,"_methods":null,"file":"c:/Users/kiranka/Pictures/lwc UseCases/super badge/Lwc SuperBadge/force-app/main/default/lwc/helloWorld/helloWorld.js","metadata":{"decorators":[],"declarationLoc":{"start":{"line":2,"column":0},"end":{"line":7,"column":1}},"classMembers":[{"type":"property","name":"greeting","loc":{"start":{"line":3,"column":2},"end":{"line":3,"column":21}}},{"type":"method","name":"changeHandler","loc":{"start":{"line":4,"column":2},"end":{"line":6,"column":3}}}],"exports":[{"type":"ExportDefaultDeclaration"}]},"updatedAt":"2020-08-27T11:52:18.000Z"},{"_allAttributes":null,"_properties":null,"_methods":null,"file":"c:/Users/kiranka/Pictures/lwc UseCases/super badge/Lwc SuperBadge/force-app/main/default/lwc/similarBoats/similarBoats.js","metadata":{"decorators":[{"type":"api","targets":[{"type":"property","name":"recordId"},{"type":"property","name":"similarBy","value":{"type":"unresolved"}}]},{"type":"wire","targets":[{"name":"similarBoats","adapter":{"name":"getSimilarBoats","reference":"@salesforce/apex/BoatDataService.getSimilarBoats"},"type":"method","static":{},"params":{"boatId":"boatId","similarBy":"similarBy"}}]}],"exports":[{"type":"ExportDefaultDeclaration"}]},"updatedAt":"2021-11-19T18:52:30.087Z"},{"_allAttributes":null,"_properties":null,"_methods":null,"file":"c:/Users/kiranka/Pictures/lwc UseCases/super badge/Lwc SuperBadge/force-app/main/default/__tests__/lwc/unitTest/unitTest.js","metadata":{"decorators":[],"declarationLoc":{"start":{"line":3,"column":0},"end":{"line":3,"column":57}},"classMembers":[],"exports":[{"type":"ExportDefaultDeclaration"}]},"updatedAt":"2020-08-27T11:52:18.000Z"},{"_allAttributes":null,"_properties":null,"_methods":null,"file":"c:/Users/kiranka/Pictures/lwc UseCases/super badge/Lwc SuperBadge/force-app/main/default/lwc/addboatreviewlwc/addboatreviewlwc.js","metadata":{"decorators":[{"type":"api","targets":[{"type":"property","name":"boat","value":{"type":"unresolved"}}]},{"type":"track","targets":[{"name":"review","type":"property"},{"name":"saving","type":"property"},{"name":"saveError","type":"property"}]}],"declarationLoc":{"start":{"line":6,"column":0},"end":{"line":89,"column":1}},"classMembers":[{"type":"property","name":"boat","loc":{"start":{"line":8,"column":4},"end":{"line":9,"column":9}},"decorator":"api","value":{"type":"unresolved"}},{"type":"property","name":"review","loc":{"start":{"line":11,"column":4},"end":{"line":16,"column":6}},"decorator":"track"},{"type":"property","name":"saveDisabled","loc":{"start":{"line":18,"column":4},"end":{"line":20,"column":5}}},{"type":"property","name":"saving","loc":{"start":{"line":22,"column":4},"end":{"line":23,"column":19}},"decorator":"track"},{"type":"property","name":"saveError","loc":{"start":{"line":25,"column":4},"end":{"line":26,"column":14}},"decorator":"track"},{"type":"method","name":"onTitleChange","loc":{"start":{"line":28,"column":4},"end":{"line":36,"column":5}}},{"type":"method","name":"onCommentChange","loc":{"start":{"line":38,"column":4},"end":{"line":45,"column":5}}},{"type":"method","name":"onRatingChange","loc":{"start":{"line":47,"column":4},"end":{"line":54,"column":5}}},{"type":"method","name":"clear","loc":{"start":{"line":56,"column":4},"end":{"line":60,"column":5}}},{"type":"method","name":"saveReview","loc":{"start":{"line":62,"column":4},"end":{"line":84,"column":5}}},{"type":"method","name":"onSave","loc":{"start":{"line":86,"column":4},"end":{"line":88,"column":5}}}],"exports":[{"type":"ExportDefaultDeclaration"}]},"updatedAt":"2019-03-25T06:01:57.000Z"},{"_allAttributes":null,"_properties":null,"_methods":null,"file":"c:/Users/kiranka/Pictures/lwc UseCases/super badge/Lwc SuperBadge/force-app/main/default/lwc/boatdetaillwc/boatdetaillwc.js","metadata":{"decorators":[{"type":"api","targets":[{"type":"property","name":"boat","value":{"type":"unresolved"}},{"type":"property","name":"fullDetailsVisible","value":{"type":"boolean","value":false}}]}],"declarationLoc":{"start":{"line":3,"column":0},"end":{"line":23,"column":1}},"classMembers":[{"type":"property","name":"boat","loc":{"start":{"line":5,"column":4},"end":{"line":6,"column":9}},"decorator":"api","value":{"type":"unresolved"}},{"type":"property","name":"fullDetailsVisible","loc":{"start":{"line":8,"column":4},"end":{"line":9,"column":31}},"decorator":"api","value":{"type":"boolean","value":false}},{"type":"property","name":"cardTitle","loc":{"start":{"line":11,"column":4},"end":{"line":13,"column":5}}},{"type":"property","name":"imageStyle","loc":{"start":{"line":15,"column":4},"end":{"line":17,"column":5}}},{"type":"method","name":"onFullDetails","loc":{"start":{"line":19,"column":4},"end":{"line":21,"column":5}}}],"exports":[{"type":"ExportDefaultDeclaration"}]},"updatedAt":"2019-03-25T06:01:57.000Z"},{"_allAttributes":null,"_properties":null,"_methods":null,"file":"c:/Users/kiranka/Pictures/lwc UseCases/super badge/Lwc SuperBadge/force-app/main/default/lwc/boatdetailslwc/boatdetailslwc.js","metadata":{"decorators":[{"type":"api","targets":[{"type":"property","name":"selectedTabId","value":{"type":"unresolved"}}]},{"type":"track","targets":[{"name":"boatId","type":"property"},{"name":"boat","type":"property"},{"name":"boatLoading","type":"property"},{"name":"boatLoadError","type":"property"}]}],"declarationLoc":{"start":{"line":5,"column":0},"end":{"line":58,"column":1}},"classMembers":[{"type":"property","name":"boatId","loc":{"start":{"line":7,"column":4},"end":{"line":8,"column":11}},"decorator":"track"},{"type":"property","name":"boat","loc":{"start":{"line":10,"column":4},"end":{"line":11,"column":9}},"decorator":"track"},{"type":"property","name":"boatLoading","loc":{"start":{"line":13,"column":4},"end":{"line":14,"column":24}},"decorator":"track"},{"type":"property","name":"boatLoadError","loc":{"start":{"line":16,"column":4},"end":{"line":17,"column":18}},"decorator":"track"},{"type":"property","name":"selectedTabId","loc":{"start":{"line":19,"column":4},"end":{"line":20,"column":18}},"decorator":"api","value":{"type":"unresolved"}},{"type":"property","name":"boatSpecified","loc":{"start":{"line":22,"column":4},"end":{"line":24,"column":5}}},{"type":"method","name":"loadBoat","loc":{"start":{"line":26,"column":4},"end":{"line":36,"column":5}}},{"type":"method","name":"onBoatSelected","loc":{"start":{"line":38,"column":4},"end":{"line":40,"column":5}}},{"type":"method","name":"onBoatReviewAdded","loc":{"start":{"line":42,"column":4},"end":{"line":48,"column":5}}},{"type":"method","name":"connectedCallback","loc":{"start":{"line":50,"column":4},"end":{"line":52,"column":5}}},{"type":"method","name":"disconnectedCallback","loc":{"start":{"line":54,"column":4},"end":{"line":56,"column":5}}}],"exports":[{"type":"ExportDefaultDeclaration"}]},"updatedAt":"2019-03-25T06:01:57.000Z"},{"_allAttributes":null,"_properties":null,"_methods":null,"file":"c:/Users/kiranka/Pictures/lwc UseCases/super badge/Lwc SuperBadge/force-app/main/default/lwc/boatreviewlwc/boatreviewlwc.js","metadata":{"decorators":[{"type":"api","targets":[{"type":"property","name":"review","value":{"type":"unresolved"}}]}],"declarationLoc":{"start":{"line":3,"column":0},"end":{"line":12,"column":1}},"classMembers":[{"type":"property","name":"review","loc":{"start":{"line":5,"column":4},"end":{"line":6,"column":11}},"decorator":"api","value":{"type":"unresolved"}},{"type":"property","name":"createdByUrl","loc":{"start":{"line":8,"column":4},"end":{"line":10,"column":5}}}],"exports":[{"type":"ExportDefaultDeclaration"}]},"updatedAt":"2019-03-25T06:01:57.000Z"},{"_allAttributes":null,"_properties":null,"_methods":null,"file":"c:/Users/kiranka/Pictures/lwc UseCases/super badge/Lwc SuperBadge/force-app/main/default/lwc/boatreviewslwc/boatreviewslwc.js","metadata":{"decorators":[{"type":"api","targets":[{"type":"property","name":"boat"},{"type":"method","name":"loadReviews"}]},{"type":"track","targets":[{"name":"reviews","type":"property"},{"name":"loadState","type":"property"}]}],"declarationLoc":{"start":{"line":4,"column":0},"end":{"line":61,"column":1}},"classMembers":[{"type":"property","name":"boat","loc":{"start":{"line":8,"column":4},"end":{"line":11,"column":5}},"decorator":"api"},{"type":"property","name":"reviews","loc":{"start":{"line":17,"column":4},"end":{"line":18,"column":17}},"decorator":"track"},{"type":"property","name":"loadState","loc":{"start":{"line":20,"column":4},"end":{"line":26,"column":6}},"decorator":"track"},{"type":"property","name":"reviewsEmpty","loc":{"start":{"line":28,"column":4},"end":{"line":30,"column":5}}},{"type":"method","name":"loadReviews","loc":{"start":{"line":32,"column":4},"end":{"line":56,"column":5}},"decorator":"api"},{"type":"method","name":"connectedCallback","loc":{"start":{"line":58,"column":4},"end":{"line":60,"column":5}}}],"exports":[{"type":"ExportDefaultDeclaration"}]},"updatedAt":"2019-03-25T06:01:57.000Z"},{"_allAttributes":null,"_properties":null,"_methods":null,"file":"c:/Users/kiranka/Pictures/lwc UseCases/super badge/Lwc SuperBadge/force-app/main/default/lwc/boatsearchformlwc/boatsearchformlwc.js","metadata":{"decorators":[{"type":"api","targets":[{"type":"property","name":"newAvailable"}]},{"type":"wire","targets":[{"name":"pageRef","adapter":{"name":"CurrentPageReference","reference":"lightning/navigation"},"type":"property"}]},{"type":"track","targets":[{"name":"boatTypeOptionsDisabled","type":"property"},{"name":"boatTypeOptions","type":"property"},{"name":"selectedBoatType","type":"property"}]}],"exports":[{"type":"ExportDefaultDeclaration"}]},"updatedAt":"2019-03-25T06:01:57.000Z"},{"_allAttributes":null,"_properties":null,"_methods":null,"file":"c:/Users/kiranka/Pictures/lwc UseCases/super badge/Lwc SuperBadge/force-app/main/default/lwc/boatsearchlwc/boatsearchlwc.js","metadata":{"decorators":[],"declarationLoc":{"start":{"line":3,"column":0},"end":{"line":8,"column":1}},"classMembers":[{"type":"method","name":"onFormSubmit","loc":{"start":{"line":4,"column":4},"end":{"line":7,"column":5}}}],"exports":[{"type":"ExportDefaultDeclaration"}]},"updatedAt":"2019-03-25T06:01:57.000Z"},{"_allAttributes":null,"_properties":null,"_methods":null,"file":"c:/Users/kiranka/Pictures/lwc UseCases/super badge/Lwc SuperBadge/force-app/main/default/lwc/boatsearchresultslwc/boatsearchresultslwc.js","metadata":{"decorators":[{"type":"api","targets":[{"type":"method","name":"search"}]},{"type":"wire","targets":[{"name":"pageRef","adapter":{"name":"CurrentPageReference","reference":"lightning/navigation"},"type":"property"}]},{"type":"track","targets":[{"name":"boats","type":"property"},{"name":"searchState","type":"property"},{"name":"selectedBoatId","type":"property"}]}],"declarationLoc":{"start":{"line":6,"column":0},"end":{"line":54,"column":1}},"classMembers":[{"type":"property","name":"boats","loc":{"start":{"line":7,"column":4},"end":{"line":8,"column":15}},"decorator":"track"},{"type":"property","name":"searchState","loc":{"start":{"line":10,"column":4},"end":{"line":15,"column":6}},"decorator":"track"},{"type":"property","name":"selectedBoatId","loc":{"start":{"line":17,"column":4},"end":{"line":18,"column":19}},"decorator":"track"},{"type":"property","name":"pageRef","loc":{"start":{"line":20,"column":4},"end":{"line":21,"column":12}},"decorator":"wire"},{"type":"property","name":"boatsEmpty","loc":{"start":{"line":23,"column":4},"end":{"line":25,"column":5}}},{"type":"method","name":"search","loc":{"start":{"line":27,"column":4},"end":{"line":38,"column":5}},"decorator":"api"},{"type":"method","name":"onBoatSelect","loc":{"start":{"line":40,"column":4},"end":{"line":53,"column":5}}}],"exports":[{"type":"ExportDefaultDeclaration"}]},"updatedAt":"2019-03-25T06:01:57.000Z"},{"_allAttributes":null,"_properties":null,"_methods":null,"file":"c:/Users/kiranka/Pictures/lwc UseCases/super badge/Lwc SuperBadge/force-app/main/default/lwc/boattilelwc/boattilelwc.js","metadata":{"decorators":[{"type":"api","targets":[{"type":"property","name":"boat","value":{"type":"unresolved"}},{"type":"property","name":"selectedId","value":{"type":"unresolved"}}]}],"declarationLoc":{"start":{"line":3,"column":0},"end":{"line":28,"column":1}},"classMembers":[{"type":"property","name":"boat","loc":{"start":{"line":5,"column":4},"end":{"line":6,"column":9}},"decorator":"api","value":{"type":"unresolved"}},{"type":"property","name":"selectedId","loc":{"start":{"line":8,"column":4},"end":{"line":9,"column":15}},"decorator":"api","value":{"type":"unresolved"}},{"type":"property","name":"currentClass","loc":{"start":{"line":11,"column":4},"end":{"line":13,"column":5}}},{"type":"property","name":"pictureStyle","loc":{"start":{"line":15,"column":4},"end":{"line":17,"column":5}}},{"type":"method","name":"onClick","loc":{"start":{"line":19,"column":4},"end":{"line":26,"column":5}}}],"exports":[{"type":"ExportDefaultDeclaration"}]},"updatedAt":"2019-03-25T06:01:57.000Z"},{"_allAttributes":null,"_properties":null,"_methods":null,"file":"c:/Users/kiranka/Pictures/lwc UseCases/super badge/Lwc SuperBadge/force-app/main/default/lwc/fivestarratinglwc/fivestarratinglwc.js","metadata":{"decorators":[{"type":"api","targets":[{"type":"property","name":"readonly","value":{"type":"boolean","value":false}},{"type":"property","name":"value"}]}],"declarationLoc":{"start":{"line":6,"column":0},"end":{"line":58,"column":1}},"classMembers":[{"type":"property","name":"ratingInit","loc":{"start":{"line":8,"column":4},"end":{"line":8,"column":23}}},{"type":"property","name":"ratingInstance","loc":{"start":{"line":10,"column":4},"end":{"line":10,"column":19}}},{"type":"property","name":"readonly","loc":{"start":{"line":12,"column":4},"end":{"line":13,"column":21}},"decorator":"api","value":{"type":"boolean","value":false}},{"type":"property","name":"value","loc":{"start":{"line":15,"column":4},"end":{"line":18,"column":5}},"decorator":"api"},{"type":"property","name":"className","loc":{"start":{"line":28,"column":4},"end":{"line":30,"column":5}}},{"type":"method","name":"renderedCallback","loc":{"start":{"line":32,"column":4},"end":{"line":57,"column":5}}}],"exports":[{"type":"ExportDefaultDeclaration"}]},"updatedAt":"2019-03-25T06:01:57.000Z"},{"_allAttributes":null,"_properties":null,"_methods":null,"file":"c:/Users/kiranka/Pictures/lwc UseCases/super badge/Lwc SuperBadge/force-app/main/default/lwc/mapcontainerlwc/mapcontainerlwc.js","metadata":{"decorators":[{"type":"track","targets":[{"name":"lat","type":"property"},{"name":"long","type":"property"}]}],"declarationLoc":{"start":{"line":4,"column":0},"end":{"line":24,"column":1}},"classMembers":[{"type":"property","name":"lat","loc":{"start":{"line":5,"column":4},"end":{"line":6,"column":8}},"decorator":"track"},{"type":"property","name":"long","loc":{"start":{"line":8,"column":4},"end":{"line":9,"column":9}},"decorator":"track"},{"type":"method","name":"onPlotMapMarker","loc":{"start":{"line":11,"column":4},"end":{"line":15,"column":5}}},{"type":"method","name":"connectedCallback","loc":{"start":{"line":17,"column":4},"end":{"line":19,"column":5}}},{"type":"method","name":"disconnectedCallback","loc":{"start":{"line":21,"column":4},"end":{"line":23,"column":5}}}],"exports":[{"type":"ExportDefaultDeclaration"}]},"updatedAt":"2019-03-25T06:01:57.000Z"},{"_allAttributes":null,"_properties":null,"_methods":null,"file":"c:/Users/kiranka/Pictures/lwc UseCases/super badge/Lwc SuperBadge/force-app/main/default/lwc/maplwc/maplwc.js","metadata":{"decorators":[{"type":"api","targets":[{"type":"property","name":"lat"},{"type":"property","name":"long"}]},{"type":"track","targets":[{"name":"mapInit","type":"property"}]}],"declarationLoc":{"start":{"line":8,"column":0},"end":{"line":94,"column":1}},"classMembers":[{"type":"method","name":"updateMarker","loc":{"start":{"line":13,"column":4},"end":{"line":20,"column":5}}},{"type":"property","name":"lat","loc":{"start":{"line":22,"column":4},"end":{"line":25,"column":5}},"decorator":"api"},{"type":"property","name":"long","loc":{"start":{"line":33,"column":4},"end":{"line":36,"column":5}},"decorator":"api"},{"type":"property","name":"latLng","loc":{"start":{"line":44,"column":4},"end":{"line":49,"column":5}}},{"type":"property","name":"mapInit","loc":{"start":{"line":51,"column":4},"end":{"line":52,"column":20}},"decorator":"track"},{"type":"property","name":"map","loc":{"start":{"line":54,"column":4},"end":{"line":54,"column":8}}},{"type":"property","name":"marker","loc":{"start":{"line":56,"column":4},"end":{"line":68,"column":5}}},{"type":"method","name":"renderedCallback","loc":{"start":{"line":70,"column":4},"end":{"line":93,"column":5}}}],"exports":[{"type":"ExportDefaultDeclaration"}]},"updatedAt":"2019-03-25T06:01:57.000Z"}]