<?xml version="1.0" encoding="UTF-8"?>
<CustomField xmlns="http://soap.sforce.com/2006/04/metadata">
    <fullName>Boat__c</fullName>
    <externalId>false</externalId>
    <label>Boat</label>
    <referenceTo>Boat__c</referenceTo>
    <relationshipLabel>Boat Reviews</relationshipLabel>
    <relationshipName>Boat_Reviews</relationshipName>
    <relationshipOrder>0</relationshipOrder>
    <reparentableMasterDetail>false</reparentableMasterDetail>
    <trackTrending>false</trackTrending>
    <type>MasterDetail</type>
    <writeRequiresMasterRead>false</writeRequiresMasterRead>
</CustomField>
